{
  "1c658a0b-f431-4c12-b4d8-18875fc2fa73": {
    "Id_allegati": 22766,
    "NomeFile": "dsc_6118_risultato.jpg",
    "Lingua": "I",
    "guid_link": "1c658a0b-f431-4c12-b4d8-18875fc2fa73",
    "Descrizione": ""
  },
  "b4e36c92-24c5-4778-8963-e7be2e70f31f": {
    "Id_allegati": 22753,
    "NomeFile": "dsc_6349.jpg",
    "Lingua": "I",
    "guid_link": "b4e36c92-24c5-4778-8963-e7be2e70f31f",
    "Descrizione": ""
  },
  "8e3a947c-9dd0-4d75-8fa8-501873c4c58c": {
    "Id_allegati": 22744,
    "NomeFile": "dsc_6378-2.jpg",
    "Lingua": "I",
    "guid_link": "8e3a947c-9dd0-4d75-8fa8-501873c4c58c",
    "Descrizione": ""
  },
  "65bdbdee-7292-4dd3-9444-2cf7f9aaae6b": {
    "Id_allegati": 22737,
    "NomeFile": "dsc_6405.jpg",
    "Lingua": "I",
    "guid_link": "65bdbdee-7292-4dd3-9444-2cf7f9aaae6b",
    "Descrizione": ""
  },
  "e20b6951-4546-44f4-b367-6b35814b108a": {
    "Id_allegati": 22751,
    "NomeFile": "2017-11-17-11.44.28.jpg",
    "Lingua": "I",
    "guid_link": "e20b6951-4546-44f4-b367-6b35814b108a",
    "Descrizione": ""
  },
  "5bbbeb8b-cbdc-4d23-93af-10502879d8a4": {
    "Id_allegati": 22652,
    "NomeFile": "dscn9866.jpg",
    "Lingua": "I",
    "guid_link": "5bbbeb8b-cbdc-4d23-93af-10502879d8a4",
    "Descrizione": ""
  },
  "b24a103d-6c5b-41c8-9003-b1d0a0e8dc06": {
    "Id_allegati": 22627,
    "NomeFile": "dscn9958.jpg",
    "Lingua": "I",
    "guid_link": "b24a103d-6c5b-41c8-9003-b1d0a0e8dc06",
    "Descrizione": ""
  },
  "853e19ca-a8d7-4be7-8d66-9f58b15149e9": {
    "Id_allegati": 22625,
    "NomeFile": "poggio-cennina--1060.jpg",
    "Lingua": "I",
    "guid_link": "853e19ca-a8d7-4be7-8d66-9f58b15149e9",
    "Descrizione": ""
  },
  "4128d837-07e1-4ae6-a3ce-6aefaf6d2be0": {
    "Id_allegati": 22598,
    "NomeFile": "00028.jpg",
    "Lingua": "I",
    "guid_link": "4128d837-07e1-4ae6-a3ce-6aefaf6d2be0",
    "Descrizione": ""
  },
  "8c9f4bd1-6496-477e-b85d-0723e3c01365": {
    "Id_allegati": 22585,
    "NomeFile": "borgo-antico.jpg",
    "Lingua": "I",
    "guid_link": "8c9f4bd1-6496-477e-b85d-0723e3c01365",
    "Descrizione": ""
  },
  "4f6ab89e-dfaf-4e9d-87db-f3b5302e4608": {
    "Id_allegati": 22553,
    "NomeFile": "dsc_5008.jpg",
    "Lingua": "I",
    "guid_link": "4f6ab89e-dfaf-4e9d-87db-f3b5302e4608",
    "Descrizione": ""
  },
  "26770b4d-76ee-4b03-8869-cc541cb5bbbc": {
    "Id_allegati": 22531,
    "NomeFile": "dscn0110.jpg",
    "Lingua": "I",
    "guid_link": "26770b4d-76ee-4b03-8869-cc541cb5bbbc",
    "Descrizione": ""
  },
  "1e61c277-f635-4d8e-b7fc-a94a48398a87": {
    "Id_allegati": 22516,
    "NomeFile": "dscn9967.jpg",
    "Lingua": "I",
    "guid_link": "1e61c277-f635-4d8e-b7fc-a94a48398a87",
    "Descrizione": ""
  },
  "0f3e7f1e-e73f-4978-973d-568bd2b57b8e": {
    "Id_allegati": 22487,
    "NomeFile": "dscn9662-(4).jpg",
    "Lingua": "I",
    "guid_link": "0f3e7f1e-e73f-4978-973d-568bd2b57b8e",
    "Descrizione": ""
  },
  "7aeb58cf-02e1-461f-8910-536e7c67eaac": {
    "Id_allegati": 22482,
    "NomeFile": "r7---01.jpg",
    "Lingua": "I",
    "guid_link": "7aeb58cf-02e1-461f-8910-536e7c67eaac",
    "Descrizione": ""
  },
  "1d14f696-9961-41e8-bccd-3f0153d8ca27": {
    "Id_allegati": 22473,
    "NomeFile": "2017-04-01-14.39.32.jpg",
    "Lingua": "I",
    "guid_link": "1d14f696-9961-41e8-bccd-3f0153d8ca27",
    "Descrizione": "(1)"
  },
  "6ed803e3-0c58-44d9-9f83-e9d10a05216f": {
    "Id_allegati": 22454,
    "NomeFile": "dscn9836.jpg",
    "Lingua": "I",
    "guid_link": "6ed803e3-0c58-44d9-9f83-e9d10a05216f",
    "Descrizione": ""
  },
  "205d79eb-27d5-4f0f-8b1b-0802bf33e972": {
    "Id_allegati": 22450,
    "NomeFile": "dscn9663.jpg",
    "Lingua": "I",
    "guid_link": "205d79eb-27d5-4f0f-8b1b-0802bf33e972",
    "Descrizione": ""
  },
  "5d664847-c1b6-463f-98c2-e87d8141ae32": {
    "Id_allegati": 22439,
    "NomeFile": "2.terrazzo1263-1.jpg",
    "Lingua": "I",
    "guid_link": "5d664847-c1b6-463f-98c2-e87d8141ae32",
    "Descrizione": ""
  },
  "fa13c983-388b-4204-a95f-8d7ec29ca211": {
    "Id_allegati": 22429,
    "NomeFile": "dscn9910.jpg",
    "Lingua": "I",
    "guid_link": "fa13c983-388b-4204-a95f-8d7ec29ca211",
    "Descrizione": ""
  },
  "79ab90cd-9888-4a6e-9059-d597beefac0e": {
    "Id_allegati": 22416,
    "NomeFile": "9.jpg",
    "Lingua": "I",
    "guid_link": "79ab90cd-9888-4a6e-9059-d597beefac0e",
    "Descrizione": ""
  },
  "2d7b847f-69fd-4bc1-8fe8-bf7e32d547b6": {
    "Id_allegati": 22692,
    "NomeFile": "dsc_6797.jpg",
    "Lingua": "I",
    "guid_link": "2d7b847f-69fd-4bc1-8fe8-bf7e32d547b6",
    "Descrizione": ""
  },
  "9a36fdb9-0fa1-4124-84a3-d872a4b9f27b": {
    "Id_allegati": 22494,
    "NomeFile": "dscn9957.jpg",
    "Lingua": "I",
    "guid_link": "9a36fdb9-0fa1-4124-84a3-d872a4b9f27b",
    "Descrizione": ""
  },
  "167065c4-133a-4019-b7a2-96858193db47": {
    "Id_allegati": 22499,
    "NomeFile": "dscn0057.jpg",
    "Lingua": "I",
    "guid_link": "167065c4-133a-4019-b7a2-96858193db47",
    "Descrizione": ""
  },
  "682006f0-57b0-4250-a831-959934f69c46": {
    "Id_allegati": 22309,
    "NomeFile": "dscn9143.jpg",
    "Lingua": "I",
    "guid_link": "682006f0-57b0-4250-a831-959934f69c46",
    "Descrizione": ""
  },
  "c3d30ea9-4a57-49ec-a386-d8926c75edb3": {
    "Id_allegati": 22461,
    "NomeFile": "_mg_7331.jpg",
    "Lingua": "I",
    "guid_link": "c3d30ea9-4a57-49ec-a386-d8926c75edb3",
    "Descrizione": ""
  },
  "51e91bf9-381c-409b-bdaa-a72c012cf9c8": {
    "Id_allegati": 22251,
    "NomeFile": "2016-11-29-15.02.35.jpg",
    "Lingua": "I",
    "guid_link": "51e91bf9-381c-409b-bdaa-a72c012cf9c8",
    "Descrizione": ""
  },
  "99238278-fae8-4952-8ef8-fdce4dfec004": {
    "Id_allegati": 22157,
    "NomeFile": "dscn9862.jpg",
    "Lingua": "I",
    "guid_link": "99238278-fae8-4952-8ef8-fdce4dfec004",
    "Descrizione": ""
  },
  "2715e568-8bcb-47d2-82f9-eb70948b345d": {
    "Id_allegati": 22145,
    "NomeFile": "dscn6316.jpg",
    "Lingua": "I",
    "guid_link": "2715e568-8bcb-47d2-82f9-eb70948b345d",
    "Descrizione": ""
  },
  "01dee7b7-8ce0-42c3-8504-2a16605554d8": {
    "Id_allegati": 22132,
    "NomeFile": "13-esterni.jpg",
    "Lingua": "I",
    "guid_link": "01dee7b7-8ce0-42c3-8504-2a16605554d8",
    "Descrizione": ""
  },
  "5964eeca-ddb7-4830-9964-bbffa6444399": {
    "Id_allegati": 22116,
    "NomeFile": "3a8c0221.jpg",
    "Lingua": "I",
    "guid_link": "5964eeca-ddb7-4830-9964-bbffa6444399",
    "Descrizione": ""
  },
  "5e9ba760-fc76-43e6-af70-a3cfb297a8c0": {
    "Id_allegati": 22094,
    "NomeFile": "labbro.jpg",
    "Lingua": "I",
    "guid_link": "5e9ba760-fc76-43e6-af70-a3cfb297a8c0",
    "Descrizione": ""
  },
  "54521931-3a78-46bc-9908-823d2b124c3e": {
    "Id_allegati": 22080,
    "NomeFile": "dscn9820.jpg",
    "Lingua": "I",
    "guid_link": "54521931-3a78-46bc-9908-823d2b124c3e",
    "Descrizione": ""
  },
  "0edfaba6-5b44-4a6e-baa5-30f4be486069": {
    "Id_allegati": 22682,
    "NomeFile": "dsc_7226.jpg",
    "Lingua": "I",
    "guid_link": "0edfaba6-5b44-4a6e-baa5-30f4be486069",
    "Descrizione": ""
  },
  "a2cd7351-3925-4359-8787-caeefc118ee3": {
    "Id_allegati": 22571,
    "NomeFile": "dsc_6199.jpg",
    "Lingua": "I",
    "guid_link": "a2cd7351-3925-4359-8787-caeefc118ee3",
    "Descrizione": ""
  },
  "f09cb0ff-9640-483e-accc-1d98319be4f6": {
    "Id_allegati": 22044,
    "NomeFile": "dsc_0484.jpg",
    "Lingua": "I",
    "guid_link": "f09cb0ff-9640-483e-accc-1d98319be4f6",
    "Descrizione": ""
  },
  "296dd2d8-0a0a-4829-9b32-7a9cebf58ba4": {
    "Id_allegati": 21989,
    "NomeFile": "img023.jpg",
    "Lingua": "I",
    "guid_link": "296dd2d8-0a0a-4829-9b32-7a9cebf58ba4",
    "Descrizione": ""
  },
  "ec231c68-41fc-4c4c-8bbb-977e0185255f": {
    "Id_allegati": 22373,
    "NomeFile": "fabro-poggio-spacconi-1a.jpg",
    "Lingua": "I",
    "guid_link": "ec231c68-41fc-4c4c-8bbb-977e0185255f",
    "Descrizione": ""
  },
  "508e04ea-e718-420c-835b-3917df4ec08f": {
    "Id_allegati": 22665,
    "NomeFile": "dsc_6892.jpg",
    "Lingua": "I",
    "guid_link": "508e04ea-e718-420c-835b-3917df4ec08f",
    "Descrizione": ""
  },
  "49e60c4b-ea6c-4059-bb40-1991c3171b83": {
    "Id_allegati": 22163,
    "NomeFile": "esterno-2.jpg",
    "Lingua": "I",
    "guid_link": "49e60c4b-ea6c-4059-bb40-1991c3171b83",
    "Descrizione": ""
  },
  "e4afb80f-aecc-4c96-8308-7851f474427c": {
    "Id_allegati": 22560,
    "NomeFile": "cpta363-a.jpg",
    "Lingua": "I",
    "guid_link": "e4afb80f-aecc-4c96-8308-7851f474427c",
    "Descrizione": ""
  },
  "16793907-4ba7-487e-b5e9-337cbb55b1cb": {
    "Id_allegati": 21964,
    "NomeFile": "2014_05-foto-montarfoni-368-(medium).jpg",
    "Lingua": "I",
    "guid_link": "16793907-4ba7-487e-b5e9-337cbb55b1cb",
    "Descrizione": ""
  },
  "ce7a2c3b-3537-4430-9c8f-f7f53e929404": {
    "Id_allegati": 22023,
    "NomeFile": "img_1203.jpg",
    "Lingua": "I",
    "guid_link": "ce7a2c3b-3537-4430-9c8f-f7f53e929404",
    "Descrizione": ""
  },
  "76997b15-36a2-4897-ac22-874e2bd44c9c": {
    "Id_allegati": 21922,
    "NomeFile": "dscn0033.jpg",
    "Lingua": "I",
    "guid_link": "76997b15-36a2-4897-ac22-874e2bd44c9c",
    "Descrizione": ""
  },
  "dbb9f33f-7412-48e6-a0e0-f98f98d369c8": {
    "Id_allegati": 21876,
    "NomeFile": "dscn9008.jpg",
    "Lingua": "I",
    "guid_link": "dbb9f33f-7412-48e6-a0e0-f98f98d369c8",
    "Descrizione": ""
  },
  "a94c3be5-5441-4bd7-b291-d8f186b2da71": {
    "Id_allegati": 21915,
    "NomeFile": "002castagneti.jpg",
    "Lingua": "I",
    "guid_link": "a94c3be5-5441-4bd7-b291-d8f186b2da71",
    "Descrizione": ""
  },
  "8a46a7c4-c583-403f-a187-9711891c1390": {
    "Id_allegati": 21937,
    "NomeFile": "dsc_0684.jpg",
    "Lingua": "I",
    "guid_link": "8a46a7c4-c583-403f-a187-9711891c1390",
    "Descrizione": ""
  },
  "00930748-743f-410a-997b-b79018558d03": {
    "Id_allegati": 21962,
    "NomeFile": "dsc_0056.jpg",
    "Lingua": "I",
    "guid_link": "00930748-743f-410a-997b-b79018558d03",
    "Descrizione": ""
  },
  "1219c82e-b512-4a24-8870-3a9c6a374433": {
    "Id_allegati": 21950,
    "NomeFile": "dscn7668.jpg",
    "Lingua": "I",
    "guid_link": "1219c82e-b512-4a24-8870-3a9c6a374433",
    "Descrizione": ""
  },
  "21e61d8b-0110-4986-b0d9-f7751d8c1c39": {
    "Id_allegati": 22188,
    "NomeFile": "img_1562.jpg",
    "Lingua": "I",
    "guid_link": "21e61d8b-0110-4986-b0d9-f7751d8c1c39",
    "Descrizione": ""
  },
  "8ff83740-40fc-449b-a07e-a3c5a99ed4ce": {
    "Id_allegati": 21865,
    "NomeFile": "dscn9879.jpg",
    "Lingua": "I",
    "guid_link": "8ff83740-40fc-449b-a07e-a3c5a99ed4ce",
    "Descrizione": ""
  },
  "58ddb7fa-dc9d-4eae-b85e-fc6fdbd1891b": {
    "Id_allegati": 21899,
    "NomeFile": "dscn9940.jpg",
    "Lingua": "I",
    "guid_link": "58ddb7fa-dc9d-4eae-b85e-fc6fdbd1891b",
    "Descrizione": ""
  },
  "dfecb2fb-2e41-4e5a-b4ea-946a6fe24aa1": {
    "Id_allegati": 21844,
    "NomeFile": "farm-for-sale-in-italy0019.jpg",
    "Lingua": "I",
    "guid_link": "dfecb2fb-2e41-4e5a-b4ea-946a6fe24aa1",
    "Descrizione": ""
  },
  "2066452b-7628-4f8b-9457-9096d0b14cab": {
    "Id_allegati": 21858,
    "NomeFile": "dscn9560.jpg",
    "Lingua": "I",
    "guid_link": "2066452b-7628-4f8b-9457-9096d0b14cab",
    "Descrizione": ""
  },
  "f040d7a0-edcc-4ce8-aa8d-c89498eadd32": {
    "Id_allegati": 22030,
    "NomeFile": "dscn6013.jpg",
    "Lingua": "I",
    "guid_link": "f040d7a0-edcc-4ce8-aa8d-c89498eadd32",
    "Descrizione": ""
  },
  "12c768cc-b1d8-47e3-811f-0295b2186c30": {
    "Id_allegati": 22035,
    "NomeFile": "212l197img1.jpg",
    "Lingua": "I",
    "guid_link": "12c768cc-b1d8-47e3-811f-0295b2186c30",
    "Descrizione": ""
  },
  "db8f1bbf-0f99-494a-b797-1f9e34cc6145": {
    "Id_allegati": 22297,
    "NomeFile": "l142img6.jpg",
    "Lingua": "I",
    "guid_link": "db8f1bbf-0f99-494a-b797-1f9e34cc6145",
    "Descrizione": ""
  },
  "3e0f1c1c-02f4-4843-8c96-405d6ea99b42": {
    "Id_allegati": 22170,
    "NomeFile": "dscn7060.jpg",
    "Lingua": "I",
    "guid_link": "3e0f1c1c-02f4-4843-8c96-405d6ea99b42",
    "Descrizione": ""
  },
  "0e9b3f2e-14fc-4626-b8e6-ab65807e2721": {
    "Id_allegati": 22175,
    "NomeFile": "dsc_0024.jpg",
    "Lingua": "I",
    "guid_link": "0e9b3f2e-14fc-4626-b8e6-ab65807e2721",
    "Descrizione": ""
  },
  "40a3c250-0d4c-4beb-8169-e6880a6688f4": {
    "Id_allegati": 22303,
    "NomeFile": "l380img4.jpg",
    "Lingua": "I",
    "guid_link": "40a3c250-0d4c-4beb-8169-e6880a6688f4",
    "Descrizione": ""
  },
  "f506c5d8-1902-4bce-a13e-f6b0bebc3dd0": {
    "Id_allegati": 21841,
    "NomeFile": "dscn7001.jpg",
    "Lingua": "I",
    "guid_link": "f506c5d8-1902-4bce-a13e-f6b0bebc3dd0",
    "Descrizione": ""
  },
  "5f2483c3-a358-44c1-b4cd-864859746e08": {
    "Id_allegati": 22307,
    "NomeFile": "spta284-n.jpg",
    "Lingua": "I",
    "guid_link": "5f2483c3-a358-44c1-b4cd-864859746e08",
    "Descrizione": ""
  },
  "930ca690-8769-435e-bcab-d76d294b0806": {
    "Id_allegati": 21836,
    "NomeFile": "spta341-b.jpg",
    "Lingua": "I",
    "guid_link": "930ca690-8769-435e-bcab-d76d294b0806",
    "Descrizione": ""
  },
  "cf7ba4eb-3cb8-498b-bebc-1a37e2f6ac94": {
    "Id_allegati": 21831,
    "NomeFile": "dscn2152.jpg",
    "Lingua": "I",
    "guid_link": "cf7ba4eb-3cb8-498b-bebc-1a37e2f6ac94",
    "Descrizione": ""
  },
  "93ec71d5-8538-4416-ae86-e59ea3e55195": {
    "Id_allegati": 21820,
    "NomeFile": "spta186-20.jpg",
    "Lingua": "I",
    "guid_link": "93ec71d5-8538-4416-ae86-e59ea3e55195",
    "Descrizione": ""
  },
  "6552a9bb-dae5-453f-92ea-7bc0ff8dc13c": {
    "Id_allegati": 21676,
    "NomeFile": "dscn9760.jpg",
    "Lingua": "I",
    "guid_link": "6552a9bb-dae5-453f-92ea-7bc0ff8dc13c",
    "Descrizione": ""
  },
  "32e523b2-9490-42e0-856a-09bd2b65213d": {
    "Id_allegati": 21654,
    "NomeFile": "glicine-2.jpg",
    "Lingua": "I",
    "guid_link": "32e523b2-9490-42e0-856a-09bd2b65213d",
    "Descrizione": ""
  },
  "b98daa16-25f5-40cc-a3ba-188e851a7cd2": {
    "Id_allegati": 21815,
    "NomeFile": "dscn9994.jpg",
    "Lingua": "I",
    "guid_link": "b98daa16-25f5-40cc-a3ba-188e851a7cd2",
    "Descrizione": ""
  },
  "09a5f47e-53d4-4817-9f78-481010f8a44a": {
    "Id_allegati": 22673,
    "NomeFile": "dsc_7088.jpg",
    "Lingua": "I",
    "guid_link": "09a5f47e-53d4-4817-9f78-481010f8a44a",
    "Descrizione": ""
  },
  "1cef9d8c-1f2f-4eca-abe7-26c664c24e07": {
    "Id_allegati": 21808,
    "NomeFile": "ottobre-2015-2080.jpg",
    "Lingua": "I",
    "guid_link": "1cef9d8c-1f2f-4eca-abe7-26c664c24e07",
    "Descrizione": ""
  },
  "bec654bf-d908-4eec-8dcd-0c3147477b4b": {
    "Id_allegati": 22182,
    "NomeFile": "212l315img3.jpg",
    "Lingua": "I",
    "guid_link": "bec654bf-d908-4eec-8dcd-0c3147477b4b",
    "Descrizione": ""
  },
  "9e18e98b-01a6-467a-b296-df50a826feaf": {
    "Id_allegati": 21628,
    "NomeFile": "boninsegni79-(238).jpg",
    "Lingua": "I",
    "guid_link": "9e18e98b-01a6-467a-b296-df50a826feaf",
    "Descrizione": ""
  },
  "26d56ec4-5423-471f-ae19-216111cd8598": {
    "Id_allegati": 22187,
    "NomeFile": "p7070092.jpg",
    "Lingua": "I",
    "guid_link": "26d56ec4-5423-471f-ae19-216111cd8598",
    "Descrizione": ""
  },
  "8fc07751-eea4-4f88-85c2-968ecb3a689e": {
    "Id_allegati": 22225,
    "NomeFile": "s-bartolomeo--sud.jpg",
    "Lingua": "I",
    "guid_link": "8fc07751-eea4-4f88-85c2-968ecb3a689e",
    "Descrizione": ""
  },
  "71ebd05a-8e78-4f0e-8c73-4cd3581d99bb": {
    "Id_allegati": 22232,
    "NomeFile": "pagina-immobile-at5-lotto-1.jpg",
    "Lingua": "I",
    "guid_link": "71ebd05a-8e78-4f0e-8c73-4cd3581d99bb",
    "Descrizione": ""
  },
  "d5562237-6ca0-4641-a3d7-9ffdcb9929e3": {
    "Id_allegati": 22229,
    "NomeFile": "s-bartolomeo-nord.jpg",
    "Lingua": "I",
    "guid_link": "d5562237-6ca0-4641-a3d7-9ffdcb9929e3",
    "Descrizione": ""
  },
  "058337a6-58c8-49b4-88c5-eb36d5e828d0": {
    "Id_allegati": 22374,
    "NomeFile": "apta326-a.jpg",
    "Lingua": "I",
    "guid_link": "058337a6-58c8-49b4-88c5-eb36d5e828d0",
    "Descrizione": ""
  },
  "92f33be0-83f1-42f9-99f3-c187e85eb718": {
    "Id_allegati": 21617,
    "NomeFile": "dsc_0109.jpg",
    "Lingua": "I",
    "guid_link": "92f33be0-83f1-42f9-99f3-c187e85eb718",
    "Descrizione": ""
  },
  "0c4392d9-8242-4f3c-8ba4-dbb373343eb8": {
    "Id_allegati": 22362,
    "NomeFile": "dscn9655.jpg",
    "Lingua": "I",
    "guid_link": "0c4392d9-8242-4f3c-8ba4-dbb373343eb8",
    "Descrizione": ""
  },
  "520d1ed5-644f-4b00-b13e-dd23478de2e6": {
    "Id_allegati": 22360,
    "NomeFile": "dscn9649.jpg",
    "Lingua": "I",
    "guid_link": "520d1ed5-644f-4b00-b13e-dd23478de2e6",
    "Descrizione": ""
  },
  "5d341c71-feb8-4225-8ad5-11a0d3429aed": {
    "Id_allegati": 22331,
    "NomeFile": "101l497img1.jpg",
    "Lingua": "I",
    "guid_link": "5d341c71-feb8-4225-8ad5-11a0d3429aed",
    "Descrizione": ""
  },
  "7f547055-1622-4fa5-9aca-bc95ec6ae8d7": {
    "Id_allegati": 21799,
    "NomeFile": "il-meriggio-2---copia.jpg",
    "Lingua": "I",
    "guid_link": "7f547055-1622-4fa5-9aca-bc95ec6ae8d7",
    "Descrizione": ""
  },
  "358e3835-c40f-45c2-b9dd-d70b934745eb": {
    "Id_allegati": 22199,
    "NomeFile": "dscn2353_b.jpg",
    "Lingua": "I",
    "guid_link": "358e3835-c40f-45c2-b9dd-d70b934745eb",
    "Descrizione": ""
  },
  "cd7ee055-1caa-446f-bae3-578f350712a3": {
    "Id_allegati": 21644,
    "NomeFile": "esterno-3.jpg",
    "Lingua": "I",
    "guid_link": "cd7ee055-1caa-446f-bae3-578f350712a3",
    "Descrizione": ""
  },
  "1a965776-9ff7-4f7c-add0-47aaa55d90aa": {
    "Id_allegati": 21718,
    "NomeFile": "dscn0018.jpg",
    "Lingua": "I",
    "guid_link": "1a965776-9ff7-4f7c-add0-47aaa55d90aa",
    "Descrizione": ""
  },
  "97db9973-8697-4550-aef4-0309af3dd89e": {
    "Id_allegati": 21604,
    "NomeFile": "dsc_0080.jpg",
    "Lingua": "I",
    "guid_link": "97db9973-8697-4550-aef4-0309af3dd89e",
    "Descrizione": ""
  },
  "346bcbf9-2bd9-4b02-98f6-e5b491689c31": {
    "Id_allegati": 22346,
    "NomeFile": "dscn0026.jpg",
    "Lingua": "I",
    "guid_link": "346bcbf9-2bd9-4b02-98f6-e5b491689c31",
    "Descrizione": ""
  },
  "986c544e-8af6-44a4-97d4-4a72c037a9e5": {
    "Id_allegati": 22211,
    "NomeFile": "terrazza-completa-buona.jpg",
    "Lingua": "I",
    "guid_link": "986c544e-8af6-44a4-97d4-4a72c037a9e5",
    "Descrizione": ""
  },
  "128971de-cf84-4c50-8caa-8ba9f1111171": {
    "Id_allegati": 21585,
    "NomeFile": "pranzo-e-camino-living.jpg",
    "Lingua": "I",
    "guid_link": "128971de-cf84-4c50-8caa-8ba9f1111171",
    "Descrizione": ""
  },
  "9436071d-7ff3-4346-af77-e5a79de11330": {
    "Id_allegati": 21553,
    "NomeFile": "poderescopeto3.jpg",
    "Lingua": "I",
    "guid_link": "9436071d-7ff3-4346-af77-e5a79de11330",
    "Descrizione": ""
  },
  "9c35b83d-3771-4307-8c81-8f60046aca66": {
    "Id_allegati": 21793,
    "NomeFile": "cpta-387-rendering.jpg",
    "Lingua": "I",
    "guid_link": "9c35b83d-3771-4307-8c81-8f60046aca66",
    "Descrizione": ""
  },
  "3ba81adf-995b-4e93-b191-c500924ea5f3": {
    "Id_allegati": 21707,
    "NomeFile": "cpge79-5.jpg",
    "Lingua": "I",
    "guid_link": "3ba81adf-995b-4e93-b191-c500924ea5f3",
    "Descrizione": ""
  },
  "bafbac64-2028-4f96-9a3f-73030bd3c35b": {
    "Id_allegati": 21613,
    "NomeFile": "apta248-a.jpg",
    "Lingua": "I",
    "guid_link": "bafbac64-2028-4f96-9a3f-73030bd3c35b",
    "Descrizione": ""
  },
  "73820042-e653-4855-b756-3ea2b696f90d": {
    "Id_allegati": 21784,
    "NomeFile": "dscn4825.jpg",
    "Lingua": "I",
    "guid_link": "73820042-e653-4855-b756-3ea2b696f90d",
    "Descrizione": ""
  },
  "a063282d-0c88-4d9e-8f71-54fbe9f6a075": {
    "Id_allegati": 21569,
    "NomeFile": "sarteano-insieme.jpg",
    "Lingua": "I",
    "guid_link": "a063282d-0c88-4d9e-8f71-54fbe9f6a075",
    "Descrizione": ""
  },
  "966fe715-be06-4cb8-8d89-bd80231d9726": {
    "Id_allegati": 22788,
    "NomeFile": "esterni-8.jpg",
    "Lingua": "I",
    "guid_link": "966fe715-be06-4cb8-8d89-bd80231d9726",
    "Descrizione": ""
  },
  "5a04b694-7072-4266-9325-fe0d3a0f746a": {
    "Id_allegati": 21792,
    "NomeFile": "dscn5313.jpg",
    "Lingua": "I",
    "guid_link": "5a04b694-7072-4266-9325-fe0d3a0f746a",
    "Descrizione": ""
  },
  "3b6dae2a-ed3e-4f1c-b98d-877d51ecc70e": {
    "Id_allegati": 21743,
    "NomeFile": "dsc_4024.jpg",
    "Lingua": "I",
    "guid_link": "3b6dae2a-ed3e-4f1c-b98d-877d51ecc70e",
    "Descrizione": ""
  },
  "7f8c1b83-b661-4b06-9772-253eb8512f8f": {
    "Id_allegati": 22217,
    "NomeFile": "cpta211-l.jpg",
    "Lingua": "I",
    "guid_link": "7f8c1b83-b661-4b06-9772-253eb8512f8f",
    "Descrizione": ""
  },
  "fbce9d2e-d5ea-41ab-9f43-6b334fa99faf": {
    "Id_allegati": 21543,
    "NomeFile": "dsc_8453.jpg",
    "Lingua": "I",
    "guid_link": "fbce9d2e-d5ea-41ab-9f43-6b334fa99faf",
    "Descrizione": ""
  },
  "2179d508-5c08-47b9-8bdb-633e88cf5735": {
    "Id_allegati": 21537,
    "NomeFile": "cpta34-a.jpg",
    "Lingua": "I",
    "guid_link": "2179d508-5c08-47b9-8bdb-633e88cf5735",
    "Descrizione": ""
  },
  "ce9efc86-eb0c-4fe5-9be5-58532d4060a6": {
    "Id_allegati": 21525,
    "NomeFile": "dsc_1803.jpg",
    "Lingua": "I",
    "guid_link": "ce9efc86-eb0c-4fe5-9be5-58532d4060a6",
    "Descrizione": ""
  }
}