[{"Id":"","Codice":"XX","Lingua":"I","Campo1":"ESTERO","Campo2":"","Campo3":"","Campo4":"","Campo5":"","Campo6":"","Campo7":"","Campo8":"","Campo9":"","Campo10":"","Bool1":false,"Bool2":false,"Data1":"0001-01-01T00:00:00","Double1":0.0,"Rowstamp":""},{"Id":"","Codice":"XX","Lingua":"GB","Campo1":"INTERNATIONAL","Campo2":"","Campo3":"","Campo4":"","Campo5":"","Campo6":"","Campo7":"","Campo8":"","Campo9":"","Campo10":"","Bool1":false,"Bool2":false,"Data1":"0001-01-01T00:00:00","Double1":0.0,"Rowstamp":""},{"Id":"","Codice":"XX","Lingua":"DE","Campo1":"INTERNATIONAL","Campo2":"","Campo3":"","Campo4":"","Campo5":"","Campo6":"","Campo7":"","Campo8":"","Campo9":"","Campo10":"","Bool1":false,"Bool2":false,"Data1":"0001-01-01T00:00:00","Double1":0.0,"Rowstamp":""},{"Id":"","Codice":"XX","Lingua":"RU","Campo1":"INTERNATIONAL","Campo2":"","Campo3":"","Campo4":"","Campo5":"","Campo6":"","Campo7":"","Campo8":"","Campo9":"","Campo10":"","Bool1":false,"Bool2":false,"Data1":"0001-01-01T00:00:00","Double1":0.0,"Rowstamp":""},{"Id":"","Codice":"XX","Lingua":"CN","Campo1":"INTERNATIONAL","Campo2":"","Campo3":"","Campo4":"","Campo5":"","Campo6":"","Campo7":"","Campo8":"","Campo9":"","Campo10":"","Bool1":false,"Bool2":false,"Data1":"0001-01-01T00:00:00","Double1":0.0,"Rowstamp":""},{"Id":"","Codice":"IT","Lingua":"I","Campo1":"ITALIA","Campo2":"","Campo3":"","Campo4":"","Campo5":"","Campo6":"","Campo7":"","Campo8":"","Campo9":"","Campo10":"","Bool1":false,"Bool2":false,"Data1":"0001-01-01T00:00:00","Double1":0.0,"Rowstamp":""},{"Id":"","Codice":"IT","Lingua":"GB","Campo1":"ITALY","Campo2":"","Campo3":"","Campo4":"","Campo5":"","Campo6":"","Campo7":"","Campo8":"","Campo9":"","Campo10":"","Bool1":false,"Bool2":false,"Data1":"0001-01-01T00:00:00","Double1":0.0,"Rowstamp":""},{"Id":"","Codice":"IT","Lingua":"DE","Campo1":"ITALY","Campo2":"","Campo3":"","Campo4":"","Campo5":"","Campo6":"","Campo7":"","Campo8":"","Campo9":"","Campo10":"","Bool1":false,"Bool2":false,"Data1":"0001-01-01T00:00:00","Double1":0.0,"Rowstamp":""},{"Id":"","Codice":"IT","Lingua":"RU","Campo1":"ITALY","Campo2":"","Campo3":"","Campo4":"","Campo5":"","Campo6":"","Campo7":"","Campo8":"","Campo9":"","Campo10":"","Bool1":false,"Bool2":false,"Data1":"0001-01-01T00:00:00","Double1":0.0,"Rowstamp":""},{"Id":"","Codice":"IT","Lingua":"CN","Campo1":"ITALY","Campo2":"","Campo3":"","Campo4":"","Campo5":"","Campo6":"","Campo7":"","Campo8":"","Campo9":"","Campo10":"","Bool1":false,"Bool2":false,"Data1":"0001-01-01T00:00:00","Double1":0.0,"Rowstamp":""}]